"Organization/Consortium","Jurisdiction","Link","Publication Types","Relevance","Notes"
"FinCEN","United States","https://www.fincen.gov/resources/financial-trend-analysis","Financial Trend Analysis; Typology","Very high","Converts SAR intelligence into emerging-risk patterns"
"NCA / NECC","United Kingdom","https://www.nationalcrimeagency.gov.uk/who-we-are/publications/679-necc-red-alert-gold-sanctions-circumvention/file","Joint Alert; Typology","Very high","Excellent sanctions-evasion and laundering indicators for precious-metals activity"
"NCA / JMLIT","United Kingdom","https://www.nationalcrimeagency.gov.uk/who-we-are/publications/692-0735-necc-amber-alert-sanctions-evasion-money-laundering-in-the-art-sec/file","Joint Alert; Typology","Very high","Strong art-storage and high-value-goods laundering red flags"
"PRA / FCA","United Kingdom","https://www.bankofengland.co.uk/-/media/boe/files/prudential-regulation/letter/2021/september/trade-finance-activity-letter.pdf","Dear CEO Letter; Supervisory Letter","Very high","Explicit trade-finance indicators tied to fraud and money laundering"
"PRA","United Kingdom","https://www.bankofengland.co.uk/-/media/boe/files/letter/2019/money-laundering-terrorist-financing-risks-in-prudential-supervision.pdf","Dear CEO Letter","High","Useful bridge between AML risk and prudential supervision"
"SEC Division of Examinations","United States","https://www.sec.gov/compliance/risk-alerts/observations-anti-money-laundering-compliance-examinations-broker-dealers","Risk Alert","Very high","Rare regulator document with concrete AML exam findings"
"CFTC Office of Customer Education","United States","https://www.cftc.gov/LearnAndProtect/AdvisoriesAndArticles/RomanceScam.html","Customer Advisory","High","Strong signals for grooming and relationship-investment fraud"
"CISA","United States","https://www.cisa.gov/known-exploited-vulnerabilities-catalog","Structured Catalog","Very high","Critical cyber trigger list for fraud/ransomware exposure monitoring"
"United Nations Security Council","Global","https://main.un.org/securitycouncil/en/sanctions/1718/panel_experts/reports","Panel of Experts Report","High","Often surfaces sanctions-evasion methods before domestic summaries do"
"Europol / EFIPPP","European Union","https://www.europol.europa.eu/publications-events/publications/efippp-practical-guide-for-operational-cooperation-between-investigative-authorities-and-financial-institutions","Practical Guide; PPP Bulletin","High","Useful for public-private operational cooperation models"
"JFIU","Hong Kong","https://www.jfiu.gov.hk/en/index.html","Operational Notice; XML Submission Notice","Medium","Not a classic alert feed, but highly relevant for structured reporting and FIU process changes"
"FIU-IND","India","https://fiuindia.gov.in/","Notice; Compliance Update","High","Produces reporting-entity and VDA-related compliance notices that can drive onboarding and reporting rule changes"
