"Rank","Organization","Jurisdiction","Primary Risk Signals (list)","Rationale","Tier (1/2/3)"
"1","FinCEN Advisories","United States","Human trafficking; TBML; TF; corruption; virtual assets","Best U.S. source for explicit AML indicators","1"
"2","OFAC Recent Actions","United States","Designation changes; licenses; sanctions updates","Fastest operational sanctions-change signal","1"
"3","OFAC Sanctions List Service","United States","Machine-readable sanctions list changes; screening data","Critical for automated sanctions controls","1"
"4","FATF High-Risk and Other Monitored Jurisdictions","Global","Country risk; enhanced due diligence; strategic deficiencies","Direct country-risk trigger for controls","1"
"5","FATF Publications","Global","Typologies; virtual assets; BO; PF; TF","Global standard-setter for typology design","1"
"6","FCA Warning List","United Kingdom","Clone firms; unauthorized firms; scam entities","Highly actionable fraud and onboarding signal","1"
"7","OFSI","United Kingdom","UK sanctions updates; guidance; enforcement","Core UK sanctions-monitoring source","1"
"8","FinCEN Financial Trend Analysis","United States","Emerging patterns; SAR-derived signals; cybercrime","Excellent for scenario and rule refresh","1"
"9","NCA / NECC Red and Amber Alerts","United Kingdom","Sanctions evasion; art market; gold trade; laundering typologies","High-signal public-private sector alerts","1"
"10","AUSTRAC Core Guidance and Resources","Australia","AML controls; TF; PF; virtual assets; typologies","Strong FIU/supervisor practical guidance","1"
"11","FINTRAC Operational Alerts","Canada","Human trafficking; fentanyl; sanctions evasion; laundering indicators","High-signal operational intelligence notices","1"
"12","SEC Risk Alerts","United States","AML failures; exam observations; crypto; control weaknesses","Turns examinations into control requirements","1"
"13","DOJ MNF News","United States","Money laundering; shell companies; asset forfeiture; sanctions","Very strong illicit-finance enforcement signal","1"
"14","DOJ Fraud Section News","United States","Fraud schemes; FCPA; market manipulation; healthcare fraud","Rich source of scheme typologies","1"
"15","IC3 Public Service Announcements","United States","Crypto fraud; cargo theft; phishing; impersonation","Timely public fraud-scheme indicators","1"
"16","CISA Known Exploited Vulnerabilities Catalog","United States","Known exploited CVEs; intrusion risk","Best machine-readable cyber trigger list","1"
"17","NCSC Reports & Advisories","United Kingdom","State threats; phishing; ransomware; cyber fraud enablement","High-value cyber-financial risk input","1"
"18","Canadian Cyber Centre Alerts & Advisories","Canada","Critical infrastructure threats; ransomware; exploitation alerts","Good peer source for cyber signals","1"
"19","ACSC Alerts & Advisories","Australia","Info stealers; ransomware; BEC; nation-state activity","Actionable APAC cyber-financial indicators","1"
"20","EBA ML/TF Risk Factors","European Union","CDD; BO; NPO risk; sector risk factors","Directly useful for monitoring design","1"
"21","EU Financial Sanctions Dataset","European Union","EU list changes; screening data; sanctions data","Core EU sanctions automation source","1"
"22","UN Consolidated Sanctions List","Global","UN sanctions changes; TF; PF","Global baseline sanctions control source","1"
"23","MAS Enforcement Actions","Singapore","AML breaches; market abuse; misconduct","High-signal APAC enforcement source","2"
"24","MAS Regulations and Guidance","Singapore","AML/CFT notices; payment services; virtual assets","Good supervisory change signal","2"
"25","MAS News","Singapore","Scams; enforcement summaries; policy updates","Useful APAC risk context source","2"
"26","PRA Trade Finance Activity Letter","United Kingdom","TBML; fraud; sanctions evasion; trade-finance misuse","Rare regulator red-flag letter","2"
"27","PRA Prudential Regulation Publications","United Kingdom","Financial crime controls; crypto risk; governance","Broader prudential-letter monitoring value","2"
"28","OCC Bulletins","United States","Bank controls; third-party risk; crypto; operational risk","Useful supervisory implementation signal","2"
"29","OCC Semiannual Risk Perspective","United States","Fraud trends; payments risk; cyber risk","Strong horizon-scanning report","2"
"30","Federal Reserve SR Letters","United States","Supervisory expectations; sanctions; governance","Important for bank control environment","2"
"31","FDIC Financial Institution Letters","United States","Supervisory expectations; cyber; fraud; bank controls","Useful for implementation monitoring","2"
"32","CFTC Fraud Advisories","United States","Romance scams; crypto fraud; investment grooming","Useful retail-fraud typology source","2"
"33","CFTC Press Releases","United States","Manipulation; insider trading; crypto misconduct","Good enforcement trend input","2"
"34","FBI Scams and Safety","United States","BEC; romance scams; elder fraud; phishing","Strong public-fraud control content","2"
"35","IC3 Industry Alerts","United States","Phishing infrastructure; ransomware; fraud infrastructure","Useful when joint alerts appear","2"
"36","CISA Cybersecurity Advisories","United States","Joint cyber advisories; actor TTPs; ransomware","Useful cyber-financial threat bridge","2"
"37","CISA ICS Advisories","United States","OT vulnerabilities; exploitation alerts","Sector-specific but operationally useful","2"
"38","NCSC Threat Reports","United Kingdom","Strategic cyber trends; sector threat reports","Good specialized threat context","2"
"39","DOJ Criminal Division Press Room","United States","Cross-cutting fraud; corruption; sanctions; AML","Broad but very high signal density","2"
"40","DOJ NSD News","United States","Export control; sanctions evasion; terror support","Important for national-security finance risk","2"
"41","AUSTRAC Media Releases","Australia","Enforcement cases; sector warnings; crypto compliance","Timely but less typology-rich","2"
"42","FINTRAC Special Bulletins","Canada","Emerging ML/TF threats; typologies","Important periodic FIU signal","2"
"43","NCA Suspicious Activity Reports","United Kingdom","SAR trends; DAML signal; money-laundering reporting insights","Useful FIU operations and trends","2"
"44","ESMA Risk Monitoring","European Union","Market integrity; crypto risks; systemic risk","More market-risk than AML, still useful","3"
"45","EBA AML/CFT","European Union","AML/CFT newsletters; factsheets; supervisory developments","Good legislative and supervisory context","3"
"46","Europol Publications","European Union","Financial/economic crime analysis; fraud; laundering","Strong strategic typology source","3"
"47","Europol EFECC","European Union","Financial/economic crime; crypto; asset recovery","Good specialist EU financial-crime source","3"
"48","JFIU Hong Kong","Hong Kong","Fraud warnings; STR process changes; XML submission","Useful APAC FIU operational signal","3"
"49","SFC Hong Kong Alert List","Hong Kong","Unauthorized firms; investment fraud warnings","Useful for APAC fraud screening","3"
"50","FIU-IND Home / What's New","India","RE compliance notices; VDA registration; sanctions references","Useful emerging-market FIU signal","3"
