"Organization","Feed Type (RSS/Email/API/XML/Open data)","Exact Subscription URL","Authentication Required (Yes/No)","Update Frequency","Notes"
"FinCEN","Email","Unspecified","No","Ad hoc","No public subscription URL was clearly listed during this review"
"OFAC","API","https://ofac.treasury.gov/sanctions-list-service","No","Daily","Machine-readable sanctions list service"
"FATF","Email","Unspecified","No","Ad hoc","No public English subscription endpoint clearly listed during this review"
"OFSI","Email / Atom","https://ofsi.blog.gov.uk/subscribe/","No","Ad hoc","Subscription hub for UK sanctions-related updates"
"FCA","RSS","https://www.fca.org.uk/news/rss.xml","No","Ad hoc","Primary FCA news feed"
"FCA","Email","https://www.fca.org.uk/newsletters-emails-sign-up","No","Daily / Ad hoc","Includes Warning List alerts and other newsletters"
"Bank of England","RSS","https://www.bankofengland.co.uk/rss/news","No","Ad hoc","General Bank of England news and publications"
"Bank of England","RSS","https://www.bankofengland.co.uk/rss/prudential-regulation-publications","No","Ad hoc","PRA-focused feed"
"Bank of England","Email","https://www.bankofengland.co.uk/subscribe-to-emails","No","Ad hoc","Supports topical email subscriptions including PRA-related items"
"MAS","Email","https://www.mas.gov.sg/news","No","Ad hoc","Subscription form is embedded on MAS site pages"
"AUSTRAC","RSS","https://austrac2.govcms.gov.au/media-release/rss.xml","No","Ad hoc","Media release feed"
"FINTRAC","RSS","Unspecified","No","Ad hoc","No public RSS endpoint clearly listed during this review"
"OCC","RSS","https://www.occ.treas.gov/rss/occ_bulletins.xml","No","Ad hoc","OCC bulletin feed"
"OCC","RSS","https://www.occ.treas.gov/rss/occ-publications.xml","No","Ad hoc","OCC publications feed"
"Federal Reserve","RSS","https://www.federalreserve.gov/feeds/bankinginfo-rss.xml","No","Ad hoc","Supervision and banking information feed"
"Federal Reserve","RSS","https://www.federalreserve.gov/feeds/press_enforcement.xml","No","Ad hoc","Enforcement actions feed"
"Federal Reserve","Email","https://www.federalreserve.gov/subscribe.htm","No","Ad hoc","Email subscriptions available"
"FDIC","Email","https://service.govdelivery.com/accounts/USFDIC/subscriber/new","No","Ad hoc","Includes FIL and news topics"
"SEC","RSS","https://www.sec.gov/news/pressreleases.rss","No","Daily / Ad hoc","SEC press release feed"
"SEC","Email","https://public.govdelivery.com/accounts/USSEC/subscriber/new","No","Ad hoc","GovDelivery-based SEC subscriptions"
"CFTC","RSS","https://www.cftc.gov/RSS/index.htm","No","Daily / Ad hoc","Directory of available CFTC feeds"
"DOJ","RSS","https://www.justice.gov/news/rss","No","Daily / Ad hoc","Base DOJ RSS endpoint"
"DOJ","Email","https://public.govdelivery.com/accounts/USDOJ/subscriber/new","No","Ad hoc","Department-wide email updates"
"DOJ NSD","RSS","https://www.justice.gov/news/rss?field_component=361&field_topic%5B0%5D=25321&field_topic%5B1%5D=44971&field_topic%5B2%5D=44956&field_topic%5B3%5D=7881&field_topic%5B4%5D=44951&field_topic%5B5%5D=45186&require_all=0&search_api_language=en&show_public_archived=0&type%5B0%5D=press_release&type%5B1%5D=speech&type%5B2%5D=youtube_video","No","Ad hoc","NSD-focused RSS query"
"FBI","RSS","https://www.fbi.gov/feeds","No","Daily / Ad hoc","FBI feed directory"
"IC3","RSS","Unspecified","No","Ad hoc","RSS icons appear on some pages but a stable public feed URL was not clearly exposed"
"CISA","Email","https://www.cisa.gov/about/contact-us/subscribe-updates-cisa","No","Daily / Ad hoc","CISA updates subscription page"
"Canadian Centre for Cyber Security","RSS","https://www.cyber.gc.ca/api/cccs/rss/v1/get?feed=alerts_advisories&lang=en","No","Daily / Ad hoc","Alerts and advisories feed"
"Canadian Centre for Cyber Security","RSS","https://www.cyber.gc.ca/api/cccs/rss/v1/get?feed=news_events_guidance&lang=en","No","Ad hoc","Guidance, news and events feed"
"ACSC","Email","https://www.cyber.gov.au/about-us/register","No","Daily / Ad hoc","Australian cyber alert signup page"
"NCSC","RSS","https://www.ncsc.gov.uk/api/1/services/v1/all-rss-feed.xml","No","Ad hoc","All-content feed"
"NCSC","RSS","https://www.ncsc.gov.uk/api/1/services/v1/news-rss-feed.xml","No","Ad hoc","News feed"
"NCSC","RSS","https://www.ncsc.gov.uk/api/1/services/v1/report-rss-feed.xml","No","Ad hoc","Threat reports feed"
"EBA","Email","Unspecified","No","Ad hoc","AML/CFT newsletters are published, but no public signup URL was clearly listed"
"European Union Open Data","Open data","https://data.europa.eu/data/datasets/consolidated-list-of-persons-groups-and-entities-subject-to-eu-financial-sanctions?locale=en","No","Daily / Ad hoc","Open-data landing page for EU financial sanctions dataset"
"United Nations Security Council","XML / API","Unspecified","No","Ad hoc","Public list is downloadable, but a stable machine endpoint was not confirmed in this review"
"Europol","Email","Unspecified","No","Ad hoc","Some article pages expose email-alert widgets; a general subscription endpoint was not clearly listed"
"FIU-IND","Email","Unspecified","No","Ad hoc","No public subscription endpoint clearly listed"
"JFIU","XML","Unspecified","Yes","Ad hoc","XML submission exists for reporters; this is not a public content feed"
